{
  "total_airports": 114,
  "airports": [
    { "city_name": "Amman", "slug": "amman-jordan", "country": "jordan", "iata_city_code": "AMM" },
    { "city_name": "Tirana", "slug": "tirana-albania", "country": "albania", "iata_city_code": "TIA" },
    { "city_name": "Yerevan", "slug": "yerevan-armenia", "country": "armenia", "iata_city_code": "EVN" },
    { "city_name": "Vienna", "slug": "vienna-austria", "country": "austria", "iata_city_code": "VIE" },
    { "city_name": "City Of Brussels", "slug": "city-of-brussels-belgium", "country": "belgium", "iata_city_code": "BRU" },
    { "city_name": "Sofia", "slug": "sofia-bulgaria", "country": "bulgaria", "iata_city_code": "SOF" },
    { "city_name": "Zadar", "slug": "zadar-croatia", "country": "croatia", "iata_city_code": "ZAD" },
    { "city_name": "Zagreb", "slug": "zagreb-croatia", "country": "croatia", "iata_city_code": "ZAG" },
    { "city_name": "Larnaca", "slug": "larnaca-cyprus", "country": "cyprus", "iata_city_code": "LCA" },
    { "city_name": "Paphos", "slug": "paphos-cyprus", "country": "cyprus", "iata_city_code": "PFO" },
    { "city_name": "Prague", "slug": "prague-czechia", "country": "czechia", "iata_city_code": "PRG" },
    { "city_name": "Billund", "slug": "billund-denmark", "country": "denmark", "iata_city_code": "BLL" },
    { "city_name": "Copenhagen", "slug": "copenhagen-denmark", "country": "denmark", "iata_city_code": "CPH" },
    { "city_name": "Helsinki", "slug": "helsinki-finland", "country": "finland", "iata_city_code": "HEL" },
    { "city_name": "Turku", "slug": "turku-finland", "country": "finland", "iata_city_code": "TKU" },
    { "city_name": "Bordeaux", "slug": "bordeaux-france", "country": "france", "iata_city_code": "BOD" },
    { "city_name": "Lyon", "slug": "lyon-france", "country": "france", "iata_city_code": "LYS" },
    { "city_name": "Marseille", "slug": "marseille-france", "country": "france", "iata_city_code": "MRS" },
    { "city_name": "Nice", "slug": "nice-france", "country": "france", "iata_city_code": "NCE" },
    { "city_name": "Paris", "slug": "paris-france", "country": "france", "iata_city_code": "PAR" },
    { "city_name": "Berlin", "slug": "berlin-germany", "country": "germany", "iata_city_code": "BER" },
    { "city_name": "Cologne", "slug": "cologne-germany", "country": "germany", "iata_city_code": "CGN" },
    { "city_name": "Dortmund", "slug": "dortmund-germany", "country": "germany", "iata_city_code": "DTM" },
    { "city_name": "Dusseldorf", "slug": "dusseldorf-germany", "country": "germany", "iata_city_code": "DUS" },
    { "city_name": "Frankfurt", "slug": "frankfurt-germany", "country": "germany", "iata_city_code": "FRA" },
    { "city_name": "Hamburg", "slug": "hamburg-germany", "country": "germany", "iata_city_code": "HAM" },
    { "city_name": "Karlsruhe", "slug": "karlsruhe-germany", "country": "germany", "iata_city_code": "FKB" },
    { "city_name": "Memmingen", "slug": "memmingen-germany", "country": "germany", "iata_city_code": "FMM" },
    { "city_name": "Munich", "slug": "munich-germany", "country": "germany", "iata_city_code": "MUC" },
    { "city_name": "Nuremberg", "slug": "nuremberg-germany", "country": "germany", "iata_city_code": "NUE" },
    { "city_name": "Stuttgart", "slug": "stuttgart-germany", "country": "germany", "iata_city_code": "STR" },
    { "city_name": "Athens", "slug": "athens-greece", "country": "greece", "iata_city_code": "ATH" },
    { "city_name": "Cephalonia", "slug": "cephalonia-greece", "country": "greece", "iata_city_code": "EFL" },
    { "city_name": "Chania", "slug": "chania-greece", "country": "greece", "iata_city_code": "CHQ" },
    { "city_name": "Corfu", "slug": "corfu-greece", "country": "greece", "iata_city_code": "CFU" },
    { "city_name": "Heraklion", "slug": "heraklion-greece", "country": "greece", "iata_city_code": "HER" },
    { "city_name": "Kavala", "slug": "kavala-greece", "country": "greece", "iata_city_code": "KVA" },
    { "city_name": "Kos", "slug": "kos-greece", "country": "greece", "iata_city_code": "KGS" },
    { "city_name": "Mykonos", "slug": "mykonos-greece", "country": "greece", "iata_city_code": "JMK" },
    { "city_name": "Rhodes", "slug": "rhodes-greece", "country": "greece", "iata_city_code": "RHO" },
    { "city_name": "Santorini", "slug": "santorini-greece", "country": "greece", "iata_city_code": "JTR" },
    { "city_name": "Skiathos", "slug": "skiathos-greece", "country": "greece", "iata_city_code": "JSI" },
    { "city_name": "Thessaloniki", "slug": "thessaloniki-greece", "country": "greece", "iata_city_code": "SKG" },
    { "city_name": "Zakynthos Island", "slug": "zakynthos-island-greece", "country": "greece", "iata_city_code": "ZTH" },
    { "city_name": "Budapest", "slug": "budapest-hungary", "country": "hungary", "iata_city_code": "BUD" },
    { "city_name": "Dublin", "slug": "dublin-ireland", "country": "ireland", "iata_city_code": "DUB" },
    { "city_name": "Alghero", "slug": "alghero-italy", "country": "italy", "iata_city_code": "AHO" },
    { "city_name": "Bari", "slug": "bari-italy", "country": "italy", "iata_city_code": "BRI" },
    { "city_name": "Bologna", "slug": "bologna-italy", "country": "italy", "iata_city_code": "BLQ" },
    { "city_name": "Brindisi", "slug": "brindisi-italy", "country": "italy", "iata_city_code": "BDS" },
    { "city_name": "Catania", "slug": "catania-italy", "country": "italy", "iata_city_code": "CTA" },
    { "city_name": "Genoa", "slug": "genoa-italy", "country": "italy", "iata_city_code": "GOA" },
    { "city_name": "Lamezia Terme", "slug": "lamezia-terme-italy", "country": "italy", "iata_city_code": "SUF" },
    { "city_name": "Milan", "slug": "milan-italy", "country": "italy", "iata_city_code": "MIL" },
    { "city_name": "Naples", "slug": "naples-italy", "country": "italy", "iata_city_code": "NAP" },
    { "city_name": "Palermo", "slug": "palermo-italy", "country": "italy", "iata_city_code": "PMO" },
    { "city_name": "Perugia", "slug": "perugia-italy", "country": "italy", "iata_city_code": "PEG" },
    { "city_name": "Pescara", "slug": "pescara-italy", "country": "italy", "iata_city_code": "PSR" },
    { "city_name": "Pisa", "slug": "pisa-italy", "country": "italy", "iata_city_code": "PSA" },
    { "city_name": "Rome", "slug": "rome-italy", "country": "italy", "iata_city_code": "ROM" },
    { "city_name": "Turin", "slug": "turin-italy", "country": "italy", "iata_city_code": "TRN" },
    { "city_name": "Venice", "slug": "venice-italy", "country": "italy", "iata_city_code": "VCE" },
    { "city_name": "Verona", "slug": "verona-italy", "country": "italy", "iata_city_code": "VRN" },
    { "city_name": "malta", "slug": "malta-malta", "country": "malta", "iata_city_code": "MLA" },
    { "city_name": "Chisinau", "slug": "chisinau-moldova", "country": "moldova", "iata_city_code": "RMO" },
    { "city_name": "Oslo", "slug": "oslo-norway", "country": "norway", "iata_city_code": "OSL" },
    { "city_name": "Gdansk", "slug": "gdansk-poland", "country": "poland", "iata_city_code": "GDN" },
    { "city_name": "Krakow", "slug": "krakow-poland", "country": "poland", "iata_city_code": "KRK" },
    { "city_name": "Warsaw", "slug": "warsaw-poland", "country": "poland", "iata_city_code": "WAW" },
    { "city_name": "Wroclaw", "slug": "wroclaw-poland", "country": "poland", "iata_city_code": "WRO" },
    { "city_name": "Faro", "slug": "faro-portugal", "country": "portugal", "iata_city_code": "FAO" },
    { "city_name": "Lisbon", "slug": "lisbon-portugal", "country": "portugal", "iata_city_code": "LIS" },
    { "city_name": "Porto", "slug": "porto-portugal", "country": "portugal", "iata_city_code": "OPO" },
    { "city_name": "Belgrade", "slug": "belgrade-serbia", "country": "serbia", "iata_city_code": "BEG" },
    { "city_name": "Bratislava", "slug": "bratislava-slovakia", "country": "slovakia", "iata_city_code": "BTS" },
    { "city_name": "Alicante", "slug": "alicante-spain", "country": "spain", "iata_city_code": "ALC" },
    { "city_name": "Barcelona", "slug": "barcelona-spain", "country": "spain", "iata_city_code": "BCN" },
    { "city_name": "Castellon De La Plana", "slug": "castellon-de-la-plana-spain", "country": "spain", "iata_city_code": "CDT" },
    { "city_name": "Girona", "slug": "girona-spain", "country": "spain", "iata_city_code": "GRO" },
    { "city_name": "Ibiza", "slug": "ibiza-spain", "country": "spain", "iata_city_code": "IBZ" },
    { "city_name": "Las Palmas", "slug": "las-palmas-spain", "country": "spain", "iata_city_code": "LPA" },
    { "city_name": "Madrid", "slug": "madrid-spain", "country": "spain", "iata_city_code": "MAD" },
    { "city_name": "Malaga", "slug": "malaga-spain", "country": "spain", "iata_city_code": "AGP" },
    { "city_name": "Palma", "slug": "palma-spain", "country": "spain", "iata_city_code": "PMI" },
    { "city_name": "Santander", "slug": "santander-spain", "country": "spain", "iata_city_code": "SDR" },
    { "city_name": "Seville", "slug": "seville-spain", "country": "spain", "iata_city_code": "SVQ" },
    { "city_name": "Tenerife", "slug": "tenerife-spain", "country": "spain", "iata_city_code": "TCI" },
    { "city_name": "Valencia", "slug": "valencia-spain", "country": "spain", "iata_city_code": "VLC" },
    { "city_name": "Zaragoza", "slug": "zaragoza-spain", "country": "spain", "iata_city_code": "ZAZ" },
    { "city_name": "Stockholm", "slug": "stockholm-sweden", "country": "sweden", "iata_city_code": "STO" },
    { "city_name": "Basel", "slug": "basel-switzerland", "country": "switzerland", "iata_city_code": "EAP" },
    { "city_name": "Geneva", "slug": "geneva-switzerland", "country": "switzerland", "iata_city_code": "GVA" },
    { "city_name": "Zurich", "slug": "zurich-switzerland", "country": "switzerland", "iata_city_code": "ZRH" },
    { "city_name": "Ankara", "slug": "ankara-turkey", "country": "turkey", "iata_city_code": "ANK" },
    { "city_name": "Antalya", "slug": "antalya-turkey", "country": "turkey", "iata_city_code": "AYT" },
    { "city_name": "Bodrum", "slug": "bodrum-turkey", "country": "turkey", "iata_city_code": "BJV" },
    { "city_name": "Istanbul", "slug": "istanbul-turkey", "country": "turkey", "iata_city_code": "IST" },
    { "city_name": "Birmingham", "slug": "birmingham-united-kingdom", "country": "united-kingdom", "iata_city_code": "BHX" },
    { "city_name": "Bristol", "slug": "bristol-united-kingdom", "country": "united-kingdom", "iata_city_code": "BRS" },
    { "city_name": "Edinburgh", "slug": "edinburgh-united-kingdom", "country": "united-kingdom", "iata_city_code": "EDI" },
    { "city_name": "Leeds", "slug": "leeds-united-kingdom", "country": "united-kingdom", "iata_city_code": "LBA" },
    { "city_name": "Liverpool", "slug": "liverpool-united-kingdom", "country": "united-kingdom", "iata_city_code": "LPL" },
    { "city_name": "London", "slug": "london-united-kingdom", "country": "united-kingdom", "iata_city_code": "LON" },
    { "city_name": "Manchester", "slug": "manchester-united-kingdom", "country": "united-kingdom", "iata_city_code": "MAN" },
    { "city_name": "Abu Dhabi", "slug": "abu-dhabi-united-arab-emirates", "country": "united-arab-emirates", "iata_city_code": "AUH" },
    { "city_name": "Dubai", "slug": "dubai-united-arab-emirates", "country": "united-arab-emirates", "iata_city_code": "DXB" },
    { "city_name": "Baia Mare", "slug": "baia-mare-romania", "country": "romania", "iata_city_code": "BAY" },
    { "city_name": "Cluj Napoca", "slug": "cluj-napoca-romania", "country": "romania", "iata_city_code": "CLJ" },
    { "city_name": "Iasi", "slug": "iasi-romania", "country": "romania", "iata_city_code": "IAS" },
    { "city_name": "Oradea", "slug": "oradea-romania", "country": "romania", "iata_city_code": "OMR" },
    { "city_name": "Satu Mare", "slug": "satu-mare-romania", "country": "romania", "iata_city_code": "SUJ" },
    { "city_name": "Suceava", "slug": "suceava-romania", "country": "romania", "iata_city_code": "SCV" },
    { "city_name": "Timisoara", "slug": "timisoara-romania", "country": "romania", "iata_city_code": "TSR" },
    { "city_name": "Bucuresti", "slug": "bucharest-romania", "country": "romania", "iata_city_code": "BUH" }
  ]
}